﻿<?xml version = "1.0" encoding = "utf-8"?>
<root>
    <version value="0x30000"/>
    <frame id="1" fps="15" rotate_config="0" center_mode="1" draw_in_buffer="1" target_config="2" auto_fit="0" depth_test="0">
        <image_settings count="1">
            <image width="640" height="360" resample_mode="65538" is_detach_mask="0" blend_factor="0x20006">
                <source format="2" id="4000"/>
            </image>
        </image_settings>
        <object_info cxNode="640.0" cyNode="360.0" cxView="640.0" cyView="360.0" resampleMode="2" resize="1" node_size_mode="0"/>
        <animate point_count="2" loop_show="3" ratio_constant="1">
            <point origin_type="0x0" image_index="0" duration="2467" bmp_region_is_fixed="0" ref_size_mode="0" resample_mode="3" opacity="100">
                <src_region left="0" top="0" right="10000" bottom="10000"/>
                <transform>
                    <center x="0.50000" y="0.50000" z="0.50000"/>
                    <scale x="1.00000" y="1.00000" z="1.00000"/>
                    <rotate x="0.000" y="0.000" z="0.000"/>
                    <position x="0.50000" y="0.50000" z="0.00000"/>
                </transform>
            </point>
            <point origin_type="0x0" image_index="0" duration="1" bmp_region_is_fixed="0" ref_size_mode="0" resample_mode="3" opacity="100">
                <src_region left="0" top="0" right="10000" bottom="10000"/>
                <transform>
                    <center x="0.50000" y="0.50000" z="0.50000"/>
                    <scale x="1.00000" y="1.00000" z="1.00000"/>
                    <rotate x="0.000" y="0.000" z="0.000"/>
                    <position x="0.50000" y="0.50000" z="0.00000"/>
                </transform>
            </point>
        </animate>
        <audio_visualization_list count="0"/>
        <anim_time_desc head_time="0" tail_time="0" body_time="2467"/>
        <output_settings origin_type="0x2000" index="0" clear="1" shader_cs="4" has_clear_color="1" clear_color_r="0.000" clear_color_g="0.000" clear_color_b="0.000"/>
    </frame>
</root>