﻿<?xml version = "1.0" encoding = "utf-8"?>
<root>
    <version value="0x31000"/>
    <type HexID="0x0900000000000139"/>
    <title count="11" default="0x0900000000000139">
        <language0004 value="字幕5"/>
        <language0409 value="字幕5"/>
        <language0401 value=""/>
        <language0816 value=""/>
        <language046D value=""/>
        <language041F value=""/>
        <language0404 value=""/>
        <language0412 value=""/>
        <language0411 value=""/>
        <language041E value=""/>
        <language0421 value=""/>
    </title>
    <external_source count="1" duration="3067" fps="25">
        <item disp_region_is_fixed="1" focus_image_id="0" alignment="0x60" pan_zoom="1">
            <disp_region left="0" top="0" right="10000" bottom="10000"/>
            <tips_location x="5000" y="5000"/>
            <time pos="0" length="-1" single_time="0" interval_time="0"/>
        </item>
    </external_source>
    <description count="1" default="undefined needs description.">
        <language0409 value="undefined needs description."/>
    </description>
    <external_files count="0"/>
    <categroy HexID="0x1"/>
    <layout HexValue="0xFFFFFFFF"/>
    <text_list count="2">
        <text param="5000" texteditable="0" alignment="0x60" pos_alignment="0" preview_position="2000">
            <font HexID="-1"/>
            <text_rect left="0.00000" top="0.54421" right="0.50170" bottom="0.66968"/>
            <words string="Enter the title " language_count="2">
                <language HexID="0x0409" string="Enter the title "/>
                <language HexID="0x0004" string="Enter the title "/>
            </words>
        </text>
        <text param="5001" texteditable="0" alignment="0x60" pos_alignment="0" preview_position="2000">
            <font HexID="-1"/>
            <text_rect left="0.37570" top="0.75379" right="0.52274" bottom="0.85176"/>
            <words string="Date" language_count="2">
                <language HexID="0x0409" string="Date"/>
                <language HexID="0x0004" string="Date"/>
            </words>
        </text>
    </text_list>
    <sp_info>
        <object_info cxNode="640" cyNode="360" cxView="640" cyView="360" resize="1" resampleMode="0"/>
        <text_rect left="0.00000" top="0.00000" right="1.00000" bottom="1.00000"/>
        <transform>
            <center x="0.50000" y="0.50000" z="0.50000"/>
            <scale x="1.00000" y="1.00000" z="1.00000"/>
            <rotate x="0.000" y="0.000" z="0.000"/>
            <position x="0.50000" y="0.50000" z="0.00000"/>
        </transform>
    </sp_info>
    <is_audio_visualization value="false"/>
    <is_support_tracking value="false"/>
    <filter_duration value="3067"/>
</root>