﻿<?xml version = "1.0" encoding = "utf-8"?>
<root>
    <version value="0x3000A"/>
    <auto_fit value="3"/>
    <draw_to_background value="0"/>
    <alignment value="0x60"/>
    <force_align value="0"/>
    <auto_scale value="0"/>
    <single_line value="1"/>
    <vertical_text value="0"/>
    <paragraph_justification value="0x1"/>
    <graph_point_size value="0.04166666666667"/>
    <baseline_shift value="2.73333333333333"/>
    <character_tracking value="0"/>
    <tracking_with_font_size value="1"/>
    <text_leading value="0"/>
    <has_thumbnail_layer value="0"/>
    <layer_styles>
        <drop_shadow color="0" angle="0" distance="0" size="0"/>
        <stroke color="0" size="0"/>
        <outer_glow color="0" size="0"/>
    </layer_styles>
    <line_size width="640" height="15" font_size="50"/>
    <viewport width="640" height="360"/>
    <max_lines value="1"/>
    <newline_mode value="2"/>
    <measure_rendering_mode value="0" kern_percent="0"/>
    <unit_type value="4"/>
    <loop_animation duration="3066.66666666667" headTime="0" tailTime="0" example_pos="0"/>
    <aspect value="1.77777777777778"/>
    <glyphstyle_list count="1" size_type="1" color_type="1" max_gc="256">
        <font_size_list count="0"/>
        <font_color_list count="0"/>
        <glyphstyle start_index="0" count="-1">
            <font size="50" color="4282071867" size_factor="1">
                <shadow color="0" blur_radius="1" xshift="0" yshift="0"/>
                <stroke color="0" percent="0"/>
            </font>
        </glyphstyle>
    </glyphstyle_list>
    <animate_list type="1" count="1">
        <animate_item index="0" unit_count="1">
            <animate_point point_count="2" loop_show="0" key_value_map_mode="3" def_width="212.285" def_height="39.7968">
                <point time="0">
                    <transform type="1">
                        <center x="0.00000" y="0.00000" z="0.50000"/>
                        <scale x="1.00000" y="1.00000" z="1.00000"/>
                        <rotate x="0.000" y="0.000" z="0.000"/>
                        <position x="0.15234" y="0.42222" z="0.00000"/>
                    </transform>
                    <alpha value="1.000"/>
                </point>
                <point time="3067">
                    <transform type="1">
                        <center x="0.00000" y="0.00000" z="0.50000"/>
                        <scale x="1.00000" y="1.00000" z="1.00000"/>
                        <rotate x="0.000" y="0.000" z="0.000"/>
                        <position x="0.15234" y="0.42222" z="0.00000"/>
                    </transform>
                    <alpha value="1.000"/>
                </point>
            </animate_point>
        </animate_item>
    </animate_list>
    <text_more_opts>
        <anchor_point_grouping value="1"/>
        <grouping_alignment x="0" y="0"/>
    </text_more_opts>
    <text_path_opts>
        <shape is_closed="0" count="2">
            <vertices>
                <item x="-0.0015625" y="-0.0140625"/>
                <item x="0.5328125" y="-0.0890625"/>
            </vertices>
            <in_tangent>
                <item x="0" y="0"/>
                <item x="0" y="0"/>
            </in_tangent>
            <out_tangent>
                <item x="0" y="0"/>
                <item x="0" y="0"/>
            </out_tangent>
        </shape>
        <reverse_path count="1" key_value_map_mode="3" is_time_varying="0">
            <item time="0" x="0"/>
        </reverse_path>
        <perpendicular_to_path count="1" key_value_map_mode="3" is_time_varying="0">
            <item time="0" x="0"/>
        </perpendicular_to_path>
        <force_alignment count="1" key_value_map_mode="3" is_time_varying="0">
            <item time="0" x="0"/>
        </force_alignment>
        <first_margin count="1" key_value_map_mode="3" is_time_varying="0">
            <item time="0" x="0"/>
        </first_margin>
        <last_margin count="1" key_value_map_mode="3" is_time_varying="0">
            <item time="0" x="0"/>
        </last_margin>
    </text_path_opts>
    <output_settings origin_type="0x2000" color_space="0x4000" clear="0" has_clear_color="1" clear_color_r="0.000" clear_color_g="0.000" clear_color_b="0.000"/>
</root>