﻿<?xml version = "1.0" encoding = "utf-8"?>
<root>
    <version value="0x31000"/>
    <type HexID="0x0900000000000137"/>
    <title count="11" default="0x0900000000000137">
        <language0004 value="字幕3"/>
        <language0409 value="字幕3"/>
        <language0401 value=""/>
        <language0816 value=""/>
        <language046D value=""/>
        <language041F value=""/>
        <language0404 value=""/>
        <language0412 value=""/>
        <language0411 value=""/>
        <language041E value=""/>
        <language0421 value=""/>
    </title>
    <external_source count="1" duration="3067" fps="25">
        <item disp_region_is_fixed="1" focus_image_id="0" alignment="0x60" pan_zoom="1">
            <disp_region left="0" top="0" right="10000" bottom="10000"/>
            <tips_location x="5000" y="5000"/>
            <time pos="0" length="-1" single_time="0" interval_time="0"/>
        </item>
    </external_source>
    <description count="1" default="undefined needs description.">
        <language0409 value="undefined needs description."/>
    </description>
    <external_files count="0"/>
    <categroy HexID="0x1"/>
    <layout HexValue="0xFFFFFFFF"/>
    <text_list count="4">
        <text param="5000" texteditable="0" alignment="0x60" pos_alignment="0" preview_position="2000">
            <font HexID="-1"/>
            <text_rect left="0.00000" top="0.20533" right="0.14481" bottom="0.37258"/>
            <words string="&enter;Please" language_count="2">
                <language HexID="0x0409" string="&enter;Please"/>
                <language HexID="0x0004" string="&enter;Please"/>
            </words>
        </text>
        <text param="5001" texteditable="0" alignment="0x60" pos_alignment="0" preview_position="2000">
            <font HexID="-1"/>
            <text_rect left="0.00000" top="0.34522" right="0.14252" bottom="0.51047"/>
            <words string=" &enter;Fill in &enter;" language_count="2">
                <language HexID="0x0409" string=" &enter;Fill in &enter;"/>
                <language HexID="0x0004" string=" &enter;Fill in &enter;"/>
            </words>
        </text>
        <text param="5002" texteditable="0" alignment="0x60" pos_alignment="0" preview_position="2000">
            <font HexID="-1"/>
            <text_rect left="0.00000" top="0.29836" right="0.22952" bottom="0.55733"/>
            <words string=" &enter;Your video &enter;" language_count="2">
                <language HexID="0x0409" string=" &enter;Your video &enter;"/>
                <language HexID="0x0004" string=" &enter;Your video &enter;"/>
            </words>
        </text>
        <text param="5003" texteditable="0" alignment="0x60" pos_alignment="0" preview_position="2000">
            <font HexID="-1"/>
            <text_rect left="0.00000" top="0.63286" right="0.12087" bottom="0.77839"/>
            <words string=" &enter;Title" language_count="2">
                <language HexID="0x0409" string=" &enter;Title"/>
                <language HexID="0x0004" string=" &enter;Title"/>
            </words>
        </text>
    </text_list>
    <sp_info>
        <object_info cxNode="640" cyNode="360" cxView="640" cyView="360" resize="1" resampleMode="0"/>
        <text_rect left="0.00000" top="0.00000" right="1.00000" bottom="1.00000"/>
        <transform>
            <center x="0.50000" y="0.50000" z="0.50000"/>
            <scale x="1.00000" y="1.00000" z="1.00000"/>
            <rotate x="0.000" y="0.000" z="0.000"/>
            <position x="0.50000" y="0.50000" z="0.00000"/>
        </transform>
    </sp_info>
    <is_audio_visualization value="false"/>
    <is_support_tracking value="false"/>
    <filter_duration value="3067"/>
</root>